-- Seed file for regions table
INSERT INTO regions (id, name)
VALUES
  ('00000000-0000-0000-0000-000000000001', 'North America'),
  ('00000000-0000-0000-0000-000000000002', 'Europe'),
  ('00000000-0000-0000-0000-000000000003', 'Asia-Pacific'),
  ('00000000-0000-0000-0000-000000000004', 'Latin America'),
  ('00000000-0000-0000-0000-000000000005', 'Middle East & Africa');

-- Seed file for indications table
INSERT INTO indications (id, name)
VALUES
  ('00000000-0000-0000-0000-000000000001', 'Breast Cancer'),
  ('00000000-0000-0000-0000-000000000002', 'Non-Small Cell Lung Cancer'),
  ('00000000-0000-0000-0000-000000000003', 'Melanoma'),
  ('00000000-0000-0000-0000-000000000004', 'Heart Failure'),
  ('00000000-0000-0000-0000-000000000005', 'Hypertension'),
  ('00000000-0000-0000-0000-000000000006', 'Rheumatoid Arthritis'),
  ('00000000-0000-0000-0000-000000000007', 'Type 2 Diabetes'),
  ('00000000-0000-0000-0000-000000000008', 'COVID-19'),
  ('00000000-0000-0000-0000-000000000009', 'Multiple Sclerosis'),
  ('00000000-0000-0000-0000-000000000010', 'Alzheimer\'s Disease');

-- Seed product_indications junction table
INSERT INTO product_indications (product_id, indication_id)
VALUES
  ('00000000-0000-0000-0000-000000000001', '00000000-0000-0000-0000-000000000008'), -- Comirnaty - COVID-19
  ('00000000-0000-0000-0000-000000000002', '00000000-0000-0000-0000-000000000001'), -- Ibrance - Breast Cancer
  ('00000000-0000-0000-0000-000000000003', '00000000-0000-0000-0000-000000000002'), -- Keytruda - Non-Small Cell Lung Cancer
  ('00000000-0000-0000-0000-000000000003', '00000000-0000-0000-0000-000000000003'), -- Keytruda - Melanoma
  ('00000000-0000-0000-0000-000000000005', '00000000-0000-0000-0000-000000000002'), -- Tecentriq - Non-Small Cell Lung Cancer
  ('00000000-0000-0000-0000-000000000006', '00000000-0000-0000-0000-000000000004'), -- Entresto - Heart Failure
  ('00000000-0000-0000-0000-000000000007', '00000000-0000-0000-0000-000000000002'); -- Tagrisso - Non-Small Cell Lung Cancer 